Key;;en-US;;fr-FR;;de-DE;;es-ES;;it-IT;;pt-PT;;pt-BR;;nl-NL;;sv-SE;;nb-NO;;da-DK;;fi-FI;;pl-PL;;cs-CZ;;sk-SK;;hu-HU;;ro-RO;;tr-TR;;ja-JP;;zh-CN;;se-FI
ClassFormDevicesList_import_devices_list;;Do you want import devices list;;Voulez-vous importer la liste des appareils ?;;Möchten Sie die Geräteliste importieren?;;¿Desea importar la lista de dispositivos?;;Vuoi importare l’elenco dei dispositivi?;;Pretende importar a lista de dispositivos?;;Deseja importar a lista de dispositivos?;;Wilt u de apparatenlijst importeren?;;Vill du importera enhetslistan?;;Vil du importere enhetslisten?;;Vil du importere enhedslisten?;;Haluatko tuoda laiteluettelon?;;Czy chcesz zaimportować listę urządzeń?;;Chcete importovat seznam zařízení?;;Chcete importovať zoznam zariadení?;;Szeretné importálni az eszközlistát?;;Doriți să importați lista de dispozitive?;;Cihaz listesini içe aktarmak istiyor musunuz?;;デバイス一覧をインポートしますか？;;是否要导入设备列表？;;Cihaz listesini içe aktarmak istiyor musunuz?
ClassFormDevicesList_Import_devices_list_1;;Import devices list;;Importation de la liste des appareils;;Geräteliste importieren;;Importar lista de dispositivos;;Importa elenco dispositivi;;Importar lista de dispositivos;;Importar lista de dispositivos;;Apparatenlijst importeren;;Importera enhetslista;;Importer enhetsliste;;Importer enhedsliste;;Tuo laiteluettelo;;Importuj listę urządzeń;;Importovat seznam zařízení;;Importovať zoznam zariadení;;Eszközlista importálása;;Importați lista de dispozitive;;Cihaz listesini içe aktar;;デバイス一覧をインポート;;导入设备列表;;Importation de la liste des appareils
ClassFormDevicesList_The_file_;;The file;;Le fichier;;Die Datei;;El archivo;;Il file;;O ficheiro;;O arquivo;;Het bestand;;Filen;;Filen;;Filen;;Tiedosto;;Plik;;Soubor;;Súbor;;A fájl;;Fișierul;;Dosya;;ファイル;;文件;;Het bestand
ClassFormDevicesLists_to_SDRSharp_folder;;is to SDRSharp folder;;est dans le dossier SDRSharp;;befindet sich im SDRSharp-Ordner;;está en la carpeta SDRSharp;;si trova nella cartella SDRSharp;;está na pasta SDRSharp;;está na pasta SDRSharp;;staat in de SDRSharp-map;;finns i SDRSharp-mappen;;ligger i SDRSharp-mappen;;ligger i SDRSharp-mappen;;on SDRSharp-kansiossa;;znajduje się w folderze SDRSharp;;je ve složce SDRSharp;;je v priečinku SDRSharp;;az SDRSharp mappában van;;se află în folderul SDRSharp;;SDRSharp klasöründe;;SDRSharp フォルダーにあります;;位于 SDRSharp 文件夹;;befindet sich im SDRSharp-Ordner
ClassFormDevicesLists_to_folder_SDRSharp;;Error create folder Recordings to folder SDRSharp;;Erreur lors de la création du dossier Recordings dans SDRSharp;;Fehler beim Erstellen des Ordners „Recordings“ in SDRSharp;;Error al crear la carpeta Recordings en SDRSharp;;Errore nella creazione della cartella Recordings in SDRSharp;;Erro ao criar a pasta Recordings em SDRSharp;;Erro ao criar a pasta Recordings no SDRSharp;;Fout bij het maken van de map Recordings in SDRSharp;;Fel vid skapande av mappen Recordings i SDRSharp;;Feil ved oppretting av mappen Recordings i SDRSharp;;Fejl ved oprettelse af mappen Recordings i SDRSharp;;Virhe luotaessa Recordings-kansiota SDRSharpissa;;Błąd podczas tworzenia folderu Recordings w SDRSharp;;Chyba při vytváření složky Recordings v SDRSharp;;Chyba pri vytváraní priečinka Recordings v SDRSharp;;Hiba a Recordings mappa létrehozásakor az SDRSharp-ban;;Eroare la crearea folderului Recordings în SDRSharp;;SDRSharp içinde Recordings klasörü oluşturulurken hata;;SDRSharp で Recordings フォルダーの作成に失敗;;在 SDRSharp 中创建 Recordings 文件夹时出错;;Erreur lors de la création du dossier Recordings dans SDRSharp
ClassFunctionsVirtuaserializeText__File_;;Error export item fct(serializeText).File:;;Erreur export élément fct(serializeText).Fichier :;;Fehler beim Exportieren des Elements fct(serializeText).Datei:;;Error al exportar elemento fct(serializeText).Archivo:;;Errore esportazione elemento fct(serializeText).File:;;Erro ao exportar item fct(serializeText).Ficheiro:;;Erro ao exportar item fct(serializeText).Arquivo:;;Fout bij exporteren van item fct(serializeText).Bestand:;;Fel vid export av objekt fct(serializeText).Fil:;;Feil ved eksport av element fct(serializeText).Fil:;;Fejl ved eksport af element fct(serializeText).Fil:;;Virhe vietäessä kohdetta fct(serializeText).Tiedosto:;;Błąd eksportu elementu fct(serializeText).Plik:;;Chyba exportu položky fct(serializeText).Soubor:;;Chyba exportu položky fct(serializeText).Súbor:;;Hiba az elem exportálásakor fct(serializeText).Fájl:;;Eroare la exportul elementului fct(serializeText).Fișier:;;Öğe dışa aktarılırken hata fct(serializeText).Dosya:;;項目のエクスポート中にエラー fct(serializeText)。ファイル:;;导出项目时出错 fct(serializeText)。文件：;;Fehler beim Exportieren des Elements fct(serializeText).Datei:
ClassInterfaceWithRt3_unknown_modulation;;unknown modulation;;modulation inconnue;;unbekannte Modulation;;modulación desconocida;;modulazione sconosciuta;;modulação desconhecida;;modulação desconhecida;;onbekende modulatie;;okänd modulation;;ukjent modulasjon;;ukendt modulation;;tuntematon modulaatio;;nieznana modulacja;;neznámá modulace;;neznáma modulácia;;ismeretlen moduláció;;modulație necunoscută;;bilinmeyen modülasyon;;不明な変調;;未知调制;;modulação desconhecida
ClassInterfaceWithRtror_ptrInfosToPlugin;;Error ptrInfosToPlugin;;Erreur ptrInfosToPlugin;;Fehler ptrInfosToPlugin;;Error ptrInfosToPlugin;;Errore ptrInfosToPlugin;;Erro ptrInfosToPlugin;;Erro ptrInfosToPlugin;;Fout ptrInfosToPlugin;;Fel ptrInfosToPlugin;;Feil ptrInfosToPlugin;;Fejl ptrInfosToPlugin;;Virhe ptrInfosToPlugin;;Błąd ptrInfosToPlugin;;Chyba ptrInfosToPlugin;;Chyba ptrInfosToPlugin;;Hiba ptrInfosToPlugin;;Eroare ptrInfosToPlugin;;ptrInfosToPlugin hatası;;ptrInfosToPlugin エラー;;ptrInfosToPlugin 错误;;Eroare ptrInfosToPlugin
ClassTitleBarre_Langue;;Langue;;Langue;;Sprache;;Idioma;;Lingua;;Idioma;;Idioma;;Taal;;Språk;;Språk;;Sprog;;Kieli;;Język;;Jazyk;;Jazyk;;Nyelv;;Limbă;;Dil;;言語;;语言;;Sprache
ClassTitleBarre_AlwaysOnTop;;AlwaysOnTop;;Toujours au-dessus;;Vordergrund;;Siempre visible;;Sempre in primo piano;;Sempre no topo;;Sempre no topo;;Altijd bovenaan;;Alltid överst;;Alltid øverst;;Altid øverst;;Aina päällimmäisenä;;Zawsze na wierzchu;;Vždy navrchu;;Vždy navrchu;;Mindig felül;;Întotdeauna deasupra;;ipucu Her zaman üstte;;常にトップに;;永远在最前面;;Sempre in primo piano
ClassUtils_Error_Initialize;;Error Initialize;;Erreur d’initialisation;;Fehler bei der Initialisierung;;Error de inicialización;;Errore di inizializzazione;;Erro na inicialização;;Erro na inicialização;;Fout bij initialiseren;;Fel vid initiering;;Feil ved initialisering;;Fejl ved initialisering;;Virhe alustuksessa;;Błąd inicjalizacji;;Chyba inicializace;;Chyba inicializácie;;Inicializálási hiba;;Eroare la inițializare;;Başlatma hatası;;初期化エラー;;初始化错误;;Fehler bei der Initialisierung
ClassUtils_Error_create_folder_;;Error create folder;;Erreur création du dossier;;Fehler beim Erstellen des Ordners;;Error al crear la carpeta;;Errore nella creazione della cartella;;Erro ao criar pasta;;Erro ao criar pasta;;Fout bij map maken;;Fel vid skapande av mapp;;Feil ved oppretting av mappe;;Fejl ved oprettelse af mappe;;Virhe kansion luonnissa;;Błąd tworzenia folderu;;Chyba při vytváření složky;;Chyba pri vytváraní priečinka;;Mappa létrehozási hiba;;Eroare la crearea folderului;;Klasör oluşturma hatası;;フォルダー作成エラー;;创建文件夹错误;;Errore nella creazione della cartella
ClassUtils_genere_fi_test_wav_127_to_128;;genere file test wav -127 to 128;;génère fichier test wav -127 à 128;;erstellt Test-WAV-Datei -127 bis 128;;genera archivo de prueba wav -127 a 128;;genera file di test wav -127 a 128;;gera ficheiro de teste wav -127 a 128;;gera arquivo de teste wav -127 a 128;;genereert test-wav-bestand -127 tot 128;;genererar test-wav-fil -127 till 128;;genererer test-wav-fil -127 til 128;;genererer test-wav-fil -127 til 128;;luo testiwav-tiedoston -127–128;;generuje plik testowy wav -127 do 128;;generuje testovací wav soubor -127 až 128;;generuje testovací wav súbor -127 až 128;;teszt-wav fájl generálása -127-től 128-ig;;generează fișier test wav -127 la 128;;-127 ile 128 arasında wav test dosyası oluşturur;;テスト WAV ファイルを生成 -127 ～ 128;;生成测试 WAV 文件 -127 到 128;;-127 ile 128 arasında wav test dosyası oluşturur
ClassUtils_test;;test;;test;;Test;;prueba;;test;;teste;;teste;;test;;test;;test;;test;;testi;;test;;test;;test;;teszt;;test;;test;;テスト;;测试;;prueba
ClassVirtualListViews_received__{1}_{2}_;;{0} (Messages received : {1}/{2});;{0} (Messages reçus : {1}/{2});;{0} (Nachrichten empfangen: {1}/{2});;{0} (Mensajes recibidos: {1}/{2});;{0} (Messaggi ricevuti: {1}/{2});;{0} (Mensagens recebidas: {1}/{2});;{0} (Mensagens recebidas: {1}/{2});;{0} (Ontvangen berichten: {1}/{2});;{0} (Mottagna meddelanden: {1}/{2});;{0} (Mottatte meldinger: {1}/{2});;{0} (Modtagne beskeder: {1}/{2});;{0} (Vastaanotetut viestit: {1}/{2});;{0} (Odebrane wiadomości: {1}/{2});;{0} (Přijaté zprávy: {1}/{2});;{0} (Prijaté správy: {1}/{2});;{0} (Fogadott üzenetek: {1}/{2});;{0} (Mesaje primite: {1}/{2});;{0} (Alınan mesajlar: {1}/{2});;{0}（受信メッセージ: {1}/{2}）;;{0}（已接收消息: {1}/{2}）;;{0} (Nachrichten empfangen: {1}/{2})
FormDevices_Period__0;;Period: 0;;Période : 0;;Periode: 0;;Período: 0;;Periodo: 0;;Período: 0;;Período: 0;;Periode: 0;;Period: 0;;Periode: 0;;Periode: 0;;Jakso: 0;;Okres: 0;;Perioda: 0;;Perióda: 0;;Periódus: 0;;Perioadă: 0;;Periyot: 0;;期間: 0;;周期：0;;Perioadă: 0
FormDevices_Period_max__0;;Period max: 0;;Période max : 0;;Maximale Periode: 0;;Período máx.: 0;;Periodo max: 0;;Período máx.: 0;;Período máx.: 0;;Max. periode: 0;;Maxperiod: 0;;Maks periode: 0;;Maks. periode: 0;;Maksimijakso: 0;;Maks. okres: 0;;Max. perioda: 0;;Max. perióda: 0;;Max. periódus: 0;;Perioadă max.: 0;;Maksimum periyot: 0;;最大期間: 0;;最大周期：0;;Maksimum periyot: 0
FormDevices_NB_messages__0;;NB messages: 0;;NB messages : 0;;Anzahl Nachrichten: 0;;N.º mensajes: 0;;N. messaggi: 0;;N.º mensagens: 0;;N.º mensagens: 0;;Aantal berichten: 0;;Antal meddelanden: 0;;Antall meldinger: 0;;Antal beskeder: 0;;Viestien määrä: 0;;Liczba wiadomości: 0;;Počet zpráv: 0;;Počet správ: 0;;Üzenetek száma: 0;;Număr mesaje: 0;;Mesaj sayısı: 0;;メッセージ数: 0;;消息数：0;;Antal meddelanden: 0
FormDevices_Freeze_graphs;;Freeze graphs;;Geler les graphiques;;Diagramme einfrieren;;Congelar gráficos;;Bloccare i grafici;;Congelar gráficos;;Congelar gráficos;;Grafieken bevriezen;;Frysa diagram;;Fryse grafer;;Fryse grafer;;Jäädytä kaaviot;;Zamrozić wykresy;;Zmrazit grafy;;Zmraziť grafy;;Grafikonok befagyasztása;;Înghețați graficele;;Grafikleri dondur;;グラフを固定;;冻结图表;;Grafikonok befagyasztása
FormDevices_Record_dv_checkbox_on_panel_;;Record data buffer Wav (checkbox on panel);;Enregistrer le tampon de données Wav (case sur le panneau);;Wav-Datenpuffer aufzeichnen (Kontrollkästchen im Panel);;Grabar búfer de datos Wav (casilla en el panel);;Registrare buffer dati Wav (casella nel pannello);;Gravar buffer de dados Wav (caixa no painel);;Gravar buffer de dados Wav (caixa no painel);;Wav-databuffer opnemen (vakje op paneel);;Spela in Wav-databuffert (kryssruta i panel);;Ta opp Wav-databuffer (avkrysningsboks i panel);;Optag Wav-databuffer (afkrydsningsfelt på panel);;Tallenna Wav-datapuskuria (valintaruutu paneelissa);;Nagrywać bufor danych Wav (pole w panelu);;Zaznamenat Wav datový buffer (zaškrtávací políčko v panelu);;Zaznamenať Wav dátový buffer (zaškrtávacie políčko v paneli);;Wav adatpuffer rögzítése (panel jelölőnégyzet);;Înregistrați bufferul de date Wav (casetă pe panou);;Wav veri arabelleğini kaydet (panelde onay kutusu);;Wav データバッファを記録（パネルのチェックボックス）;;记录 Wav 数据缓冲区（面板复选框）;;Zaznamenať Wav dátový buffer (zaškrtávacie políčko v paneli)
FormDevices_to_directory_Recordings;;to directory Recordings;;vers le dossier Recordings;;in den Ordner Recordings;;a la carpeta Recordings;;nella cartella Recordings;;para a pasta Recordings;;para a pasta Recordings;;naar de map Recordings;;till mappen Recordings;;til mappen Recordings;;til mappen Recordings;;Recordings-kansioon;;do folderu Recordings;;do složky Recordings;;do priečinka Recordings;;a Recordings mappába;;în folderul Recordings;;Recordings klasörüne;;Recordings フォルダーへ;;到 Recordings 文件夹;;vers le dossier Recordings
FormDevices_You_can_Baseband_File_player;;You can replay Stereo file with SdrSharp Source=Baseband File player;;Vous pouvez relire un fichier stéréo avec SdrSharp Source=Baseband File player;;Sie können eine Stereo-Datei mit SdrSharp Source=Baseband File Player wiedergeben;;Puede reproducir un archivo estéreo con SdrSharp Source=Baseband File player;;Puoi riprodurre un file stereo con SdrSharp Source=Baseband File player;;Pode reproduzir ficheiros estéreo com SdrSharp Source=Baseband File player;;Você pode reproduzir arquivos estéreo com SdrSharp Source=Baseband File player;;U kunt een stereobestand opnieuw afspelen met SdrSharp Source=Baseband File player;;Du kan spela upp en stereofil med SdrSharp Source=Baseband File player;;Du kan spille av en stereofil med SdrSharp Source=Baseband File player;;Du kan afspille en stereofil med SdrSharp Source=Baseband File player;;Voit toistaa stereotiedoston SdrSharp Source=Baseband File player -toiminnolla;;Możesz odtworzyć plik stereo za pomocą SdrSharp Source=Baseband File player;;Můžete přehrát stereo soubor pomocí SdrSharp Source=Baseband File player;;Môžete prehrať stereo súbor pomocou SdrSharp Source=Baseband File player;;Sztereó fájlt játszhat le a SdrSharp Source=Baseband File player segítségével;;Puteți reda un fișier stereo cu SdrSharp Source=Baseband File player;;SdrSharp Source=Baseband File player ile stereo dosyayı yeniden oynatabilirsiniz;;SdrSharp Source=Baseband File player でステレオファイルを再生できます;;您可以使用 SdrSharp Source=Baseband File player 重放立体声文件;;U kunt een stereobestand opnieuw afspelen met SdrSharp Source=Baseband File player
FormDevices_No_data_for_the_graph;;No data for the graph;;Aucune donnée pour le graphique;;Keine Daten für das Diagramm;;No hay datos para el gráfico;;Nessun dato per il grafico;;Sem dados para o gráfico;;Sem dados para o gráfico;;Geen gegevens voor de grafiek;;Inga data för grafen;;Ingen data for grafen;;Ingen data til grafen;;Ei tietoja kaaviolle;;Brak danych do wykresu;;Žádná data pro graf;;Žiadne údaje pre graf;;Nincs adat a grafikonhoz;;Nu există date pentru grafic;;Grafik için veri yok;;グラフのデータがありません;;没有图表数据;;Aucune donnée pour le graphique
FormDevices_Wait_to_receive_new_data;;Wait to receive new data;;En attente de nouvelles données;;Warten auf neue Daten;;Esperando recibir nuevos datos;;In attesa di nuovi dati;;A aguardar novos dados;;Aguardando novos dados;;Wachten op nieuwe gegevens;;Väntar på nya data;;Venter på nye data;;Venter på nye data;;Odotetaan uusia tietoja;;Oczekiwanie na nowe dane;;Čekání na nová data;;Čakanie na nové údaje;;Új adatok érkezésére várakozás;;Așteptând date noi;;Yeni verilerin gelmesi bekleniyor;;新しいデータを待っています;;正在等待新数据;;En attente de nouvelles données
FormDevices_NB_messages__{0};;NB messages: {0};;NB messages : {0};;Anzahl Nachrichten: {0};;N.º mensajes: {0};;N. messaggi: {0};;N.º mensagens: {0};;N.º mensagens: {0};;Aantal berichten: {0};;Antal meddelanden: {0};;Antall meldinger: {0};;Antal beskeder: {0};;Viestien määrä: {0};;Liczba wiadomości: {0};;Počet zpráv: {0};;Počet správ: {0};;Üzenetek száma: {0};;Număr mesaje: {0};;Mesaj sayısı: {0};;メッセージ数: {0};;消息数：{0};;Antal meddelanden: {0}
FormDevices_Info;;Info;;Infos;;Info;;Info;;Info;;Info;;Info;;Info;;Info;;Info;;Info;;Info;;Informacje;;Info;;Info;;Infó;;Info;;Bilgi;;情報;;信息;;Informacje
FormDevices_Data_{0};;Data {0};;Donnée {0};;Daten {0};;Dato {0};;Dato {0};;Dado {0};;Dado {0};;Gegevens {0};;Data {0};;Data {0};;Data {0};;Data {0};;Dane {0};;Data {0};;Dáta {0};;Adat {0};;Date {0};;Veri {0};;データ {0};;数据 {0};;Gegevens {0}
FormDevices_Period_{0}s_;;Period:{0}s.;;Période : {0}s.;;Periode: {0}s.;;Período: {0}s.;;Periodo: {0}s.;;Período: {0}s.;;Período: {0}s.;;Periode: {0}s.;;Period: {0}s.;;Periode: {0}s.;;Periode: {0}s.;;Jakso: {0}s.;;Okres: {0}s.;;Perioda: {0}s.;;Perióda: {0}s.;;Periódus: {0}s.;;Perioadă: {0}s.;;Periyot: {0}s.;;期間: {0}s;;周期：{0}s;;Perioadă: {0}s.
FormDevices_Period_max_{0}s_;;Period max:{0}s.;;Période max : {0}s.;;Maximale Periode: {0}s.;;Período máx.: {0}s.;;Periodo max: {0}s.;;Período máx.: {0}s.;;Período máx.: {0}s.;;Max. periode: {0}s.;;Maxperiod: {0}s.;;Maks periode: {0}s.;;Maks. periode: {0}s.;;Maksimijakso: {0}s.;;Maks. okres: {0}s.;;Max. perioda: {0}s.;;Max. perióda: {0}s.;;Max. periódus: {0}s.;;Perioadă max.: {0}s.;;Maksimum periyot: {0}s.;;最大期間: {0}s;;最大周期：{0}s;;Maksimum periyot: {0}s.
FormDevices_Error_fcRetrieveVirtualItem_;;Error fct(listViewListMessages_RetrieveVirtualItem);;Erreur fct(listViewListMessages_RetrieveVirtualItem);;Fehler fct(listViewListMessages_RetrieveVirtualItem);;Error fct(listViewListMessages_RetrieveVirtualItem);;Errore fct(listViewListMessages_RetrieveVirtualItem);;Erro fct(listViewListMessages_RetrieveVirtualItem);;Erro fct(listViewListMessages_RetrieveVirtualItem);;Fout fct(listViewListMessages_RetrieveVirtualItem);;Fel fct(listViewListMessages_RetrieveVirtualItem);;Feil fct(listViewListMessages_RetrieveVirtualItem);;Fejl fct(listViewListMessages_RetrieveVirtualItem);;Virhe fct(listViewListMessages_RetrieveVirtualItem);;Błąd fct(listViewListMessages_RetrieveVirtualItem);;Chyba fct(listViewListMessages_RetrieveVirtualItem);;Chyba fct(listViewListMessages_RetrieveVirtualItem);;Hiba fct(listViewListMessages_RetrieveVirtualItem);;Eroare fct(listViewListMessages_RetrieveVirtualItem);;Hata fct(listViewListMessages_RetrieveVirtualItem);;エラー fct(listViewListMessages_RetrieveVirtualItem);;错误 fct(listViewListMessages_RetrieveVirtualItem);;Eroare fct(listViewListMessages_RetrieveVirtualItem)
FormDevices_Cancel_record;;Cancel record;;Annuler l’enregistrement;;Aufnahme abbrechen;;Cancelar grabación;;Annulla registrazione;;Cancelar gravação;;Cancelar gravação;;Opname annuleren;;Avbryt inspelning;;Avbryt opptak;;Annuller optagelse;;Peruuta tallennus;;Anuluj nagrywanie;;Zrušit záznam;;Zrušiť záznam;;Felvétel megszakítása;;Anulați înregistrarea;;Kaydı iptal et;;録音をキャンセル;;取消录音;;Annuler l’enregistrement
FormDevices_Refresh_data;;Refresh data;;Rafraîchir les données;;Daten aktualisieren;;Actualizar datos;;Aggiorna dati;;Atualizar dados;;Atualizar dados;;Gegevens vernieuwen;;Uppdatera data;;Oppdater data;;Opdater data;;Päivitä tiedot;;Odśwież dane;;Aktualizovat data;;Aktualizovať údaje;;Adatok frissítése;;Actualizați datele;;Verileri yenile;;データを更新;;刷新数据;;Rafraîchir les données
FormDevices_Use_mouse_wheel_for_zoom;;Use mouse wheel for zoom;;Utiliser la molette pour zoomer;;Zum Zoomen Mausrad verwenden;;Usar la rueda del ratón para hacer zoom;;Usa la rotellina del mouse per lo zoom;;Usar a roda do rato para ampliar;;Usar a roda do mouse para ampliar;;Gebruik het muiswiel om in te zoomen;;Använd mushjulet för att zooma;;Bruk musehjulet for å zoome;;Brug musehjulet til at zoome;;Käytä hiiren rullaa zoomaukseen;;Użyj kółka myszy, aby powiększyć;;Použít kolečko myši pro zvětšení;;Použiť koliesko myši na priblíženie;;Használja az egér görgőjét a nagyításhoz;;Folosește rotița mouse‑ului pentru zoom;;Fareti tekerleğini yakınlaştırmak için kullan;;マウスホイールでズーム;;使用鼠标滚轮缩放;;Fareti tekerleğini yakınlaştırmak için kullan
FormDevices_Save_only_once;;Save only once;;Enregistrer une seule fois;;Nur einmal speichern;;Guardar solo una vez;;Salva solo una volta;;Guardar apenas uma vez;;Salvar apenas uma vez;;Slechts één keer opslaan;;Spara bara en gång;;Lagre bare én gang;;Gem kun én gang;;Tallenna vain kerran;;Zapisz tylko raz;;Uložit pouze jednou;;Uložiť iba raz;;Csak egyszer mentse;;Salvează doar o dată;;Yalnızca bir kez kaydet;;1 回だけ保存;;仅保存一次;;Enregistrer une seule fois
FormDevicesListMessages_N__Mes_;;N° Mes.;;N° Mes.;;Nr. Nachricht;;N.º Mens.;;N. Mess.;;N.º Msg.;;N.º Msg.;;Nr. Ber.;;Nr. Med.;;Nr. Meld.;;Nr. Besk.;;Viesten nro;;Nr wiadomości;;Č. zpr.;;Č. správy;;Üz. sz.;;Nr. mes.;;Mesaj No;;メッセージ番号;;消息编号;;Nr wiadomości
FormDevicesListMessaessages_received__0_;;(Messages received : 0);; (Messages reçus : 0);; (Nachrichten empfangen: 0);; (Mensajes recibidos: 0);; (Messaggi ricevuti: 0);; (Mensagens recebidas: 0);; (Mensagens recebidas: 0);; (Ontvangen berichten: 0);; (Mottagna meddelanden: 0);; (Mottatte meldinger: 0);; (Modtagne beskeder: 0);; (Vastaanotetut viestit: 0);; (Odebrane wiadomości: 0);; (Přijaté zprávy: 0);; (Prijaté správy: 0);; (Fogadott üzenetek: 0);; (Mesaje primite: 0);; (Alınan mesajlar: 0);; (受信メッセージ: 0);; (已接收消息：0);; (Nachrichten empfangen: 0)
FormDevicesListMessages_Record_data;;Record data;;Enregistrer les données;;Daten aufzeichnen;;Grabar datos;;Registrare dati;;Gravar dados;;Gravar dados;;Gegevens opnemen;;Spela in data;;Ta opp data;;Optag data;;Tallenna data;;Nagrywać dane;;Zaznamenat data;;Zaznamenať údaje;;Adatok rögzítése;;Înregistrați date;;Veri kaydet;;データを記録;;记录数据;;Enregistrer les données
FormDevicesListMessadirectory_Recordings;;to directory Recordings;;vers le dossier Recordings;;in den Ordner Recordings;;a la carpeta Recordings;;nella cartella Recordings;;para a pasta Recordings;;para a pasta Recordings;;naar de map Recordings;;till mappen Recordings;;til mappen Recordings;;til mappen Recordings;;Recordings-kansioon;;do folderu Recordings;;do složky Recordings;;do priečinka Recordings;;a Recordings mappába;;în folderul Recordings;;Recordings klasörüne;;Recordings フォルダーへ;;到 Recordings 文件夹;;vers le dossier Recordings
FormDevicesListMessaeload_file_with_Calc;;You can reload file with Calc;;Vous pouvez recharger le fichier avec Calc;;Sie können die Datei mit Calc erneut laden;;Puede recargar el archivo con Calc;;Puoi ricaricare il file con Calc;;Pode recarregar o ficheiro com o Calc;;Você pode recarregar o arquivo com o Calc;;U kunt het bestand opnieuw laden met Calc;;Du kan läsa in filen igen med Calc;;Du kan laste inn filen på nytt med Calc;;Du kan genindlæse filen med Calc;;Voit ladata tiedoston uudelleen Calcilla;;Możesz ponownie wczytać plik za pomocą Calc;;Můžete znovu načíst soubor pomocí Calc;;Môžete znovu načítať súbor pomocou Calc;;A fájlt újratöltheti a Calccal;;Puteți reîncărca fișierul cu Calc;;Dosyayı Calc ile yeniden yükleyebilirsiniz;;Calc でファイルを再読み込みできます;;您可以使用 Calc 重新加载文件;;Możesz ponownie wczytać plik za pomocą Calc
FormDevicesListMessaitle_window_date_txt;;name file = title window+date.txt;;nom du fichier = titre fenêtre+date.txt;;Dateiname = Fenstertitel+Datum.txt;;nombre de archivo = título ventana+fecha.txt;;nome file = titolo finestra+data.txt;;nome do ficheiro = título da janela+data.txt;;nome do arquivo = título da janela+data.txt;;bestandsnaam = venstertitel+datum.txt;;filnamn = fönstertitel+datum.txt;;filnavn = vindustittel+dato.txt;;filnavn = vinduestitel+dato.txt;;tiedostonimi = ikkunan otsikko+pvm.txt;;nazwa pliku = tytuł okna+data.txt;;název souboru = název okna+datum.txt;;názov súboru = názov okna+dátum.txt;;fájlnév = ablak címe+dátum.txt;;numele fișierului = titlu fereastră+dată.txt;;dosya adı = pencere başlığı+tarih.txt;;ファイル名 = ウィンドウタイトル+日付.txt;;文件名 = 窗口标题+日期.txt;;nombre de archivo = título ventana+fecha.txt
FormDevicesListMessaes_Export_data__txt_;;Export data (.txt);;Exporter données (.txt);;Daten exportieren (.txt);;Exportar datos (.txt);;Esportare dati (.txt);;Exportar dados (.txt);;Exportar dados (.txt);;Gegevens exporteren (.txt);;Exportera data (.txt);;Eksporter data (.txt);;Eksporter data (.txt);;Vie tiedot (.txt);;Eksportuj dane (.txt);;Exportovat data (.txt);;Exportovať údaje (.txt);;Adatok exportálása (.txt);;Exportați date (.txt);;Verileri dışa aktar (.txt);;データをエクスポート (.txt);;导出数据 (.txt);;Gegevens exporteren (.txt)
FormDevicesListMessaRetrieveVirtualItem_;;Error fct(listViewListMessages_RetrieveVirtualItem);;Erreur fct(listViewListMessages_RetrieveVirtualItem);;Fehler fct(listViewListMessages_RetrieveVirtualItem);;Error fct(listViewListMessages_RetrieveVirtualItem);;Errore fct(listViewListMessages_RetrieveVirtualItem);;Erro fct(listViewListMessages_RetrieveVirtualItem);;Erro fct(listViewListMessages_RetrieveVirtualItem);;Fout fct(listViewListMessages_RetrieveVirtualItem);;Fel fct(listViewListMessages_RetrieveVirtualItem);;Feil fct(listViewListMessages_RetrieveVirtualItem);;Fejl fct(listViewListMessages_RetrieveVirtualItem);;Virhe fct(listViewListMessages_RetrieveVirtualItem);;Błąd fct(listViewListMessages_RetrieveVirtualItem);;Chyba fct(listViewListMessages_RetrieveVirtualItem);;Chyba fct(listViewListMessages_RetrieveVirtualItem);;Hiba fct(listViewListMessages_RetrieveVirtualItem);;Eroare fct(listViewListMessages_RetrieveVirtualItem);;Hata fct(listViewListMessages_RetrieveVirtualItem);;エラー fct(listViewListMessages_RetrieveVirtualItem);;错误 fct(listViewListMessages_RetrieveVirtualItem);;Eroare fct(listViewListMessages_RetrieveVirtualItem)
FormDevicesListMessa_Messages_received__;;(Messages received :;;(Messages reçus :;;(Nachrichten empfangen:;;(Mensajes recibidos:;;(Messaggi ricevuti:;;(Mensagens recebidas:;;(Mensagens recebidas:;;(Ontvangen berichten:;;(Mottagna meddelanden:;;(Mottatte meldinger:;;(Modtagne beskeder:;;(Vastaanotetut viestit:;;(Odebrane wiadomości:;;(Přijaté zprávy:;;(Prijaté správy:;;(Fogadott üzenetek:;;(Mesaje primite:;;(Alınan mesajlar:;;(受信メッセージ:;;(已接收消息：;;(Nachrichten empfangen:
FormDevicesListMessages_Export___;;Export-->;;Exporter-->;;Exportieren-->;;Exportar-->;;Esporta-->;;Exportar-->;;Exportar-->;;Exporteren-->;;Exportera-->;;Eksporter-->;;Eksporter-->;;Vie-->;;Eksportuj-->;;Exportovat-->;;Exportovať-->;;Exportálás-->;;Exportați-->;;Dışa aktar-->;;エクスポート-->;;导出-->;;Exportieren-->
FormDevicesListMessas_Export_messages_OK;;Export messages OK;;Export des messages OK;;Nachrichtenexport OK;;Exportación de mensajes OK;;Esportazione messaggi OK;;Exportação de mensagens OK;;Exportação de mensagens OK;;Berichtenexport OK;;Meddelandexport OK;;Meldinger eksportert OK;;Beskeder eksporteret OK;;Viestien vienti OK;;Eksport wiadomości OK;;Export zpráv OK;;Export správ OK;;Üzenetek exportálása OK;;Export mesaje OK;;Mesaj dışa aktarma OK;;メッセージのエクスポート OK;;消息导出成功;;Exportação de mensagens OK
FormListDevices_ErroRetrieveVirtualItem_;;Error fct(listDevices_RetrieveVirtualItem);;Erreur fct(listDevices_RetrieveVirtualItem);;Fehler fct(listDevices_RetrieveVirtualItem);;Error fct(listDevices_RetrieveVirtualItem);;Errore fct(listDevices_RetrieveVirtualItem);;Erro fct(listDevices_RetrieveVirtualItem);;Erro fct(listDevices_RetrieveVirtualItem);;Fout fct(listDevices_RetrieveVirtualItem);;Fel fct(listDevices_RetrieveVirtualItem);;Feil fct(listDevices_RetrieveVirtualItem);;Fejl fct(listDevices_RetrieveVirtualItem);;Virhe fct(listDevices_RetrieveVirtualItem);;Błąd fct(listDevices_RetrieveVirtualItem);;Chyba fct(listDevices_RetrieveVirtualItem);;Chyba fct(listDevices_RetrieveVirtualItem);;Hiba fct(listDevices_RetrieveVirtualItem);;Eroare fct(listDevices_RetrieveVirtualItem);;Hata fct(listDevices_RetrieveVirtualItem);;エラー fct(listDevices_RetrieveVirtualItem);;错误 fct(listDevices_RetrieveVirtualItem);;Eroare fct(listDevices_RetrieveVirtualItem)
FormListDevices_Devices_received__0;;Devices received : 0;;Appareils reçus : 0;;Geräte empfangen: 0;;Dispositivos recibidos: 0;;Dispositivi ricevuti: 0;;Dispositivos recebidos: 0;;Dispositivos recebidos: 0;;Ontvangen apparaten: 0;;Mottagna enheter: 0;;Mottatte enheter: 0;;Modtagne enheder: 0;;Vastaanotetut laitteet: 0;;Odebrane urządzenia: 0;;Přijatá zařízení: 0;;Prijaté zariadenia: 0;;Fogadott eszközök: 0;;Dispozitive primite: 0;;Alınan cihazlar: 0;;受信デバイス: 0;;已接收设备：0;;Dispositivos recebidos: 0
FormListDevices_File_;;File :;;Fichier :;;Datei:;;Archivo:;;File:;;Ficheiro:;;Arquivo:;;Bestand:;;Fil:;;Fil:;;Fil:;;Tiedosto:;;Plik:;;Soubor:;;Súbor:;;Fájl:;;Fișier:;;Dosya:;;ファイル:;;文件：;;Tiedosto:
FormListDevices_empty;;empty;;vide;;leer;;vacío;;vuoto;;vazio;;vazio;;leeg;;tom;;tom;;tom;;tyhjä;;pusty;;prázdný;;prázdny;;üres;;gol;;boş;;空;;空;;prázdný
FormListDevices_Import_devices_File;;Import devices File;;Importer fichier appareils;;Gerätedatei importieren;;Importar archivo de dispositivos;;Importa file dispositivi;;Importar ficheiro de dispositivos;;Importar arquivo de dispositivos;;Apparatenbestand importeren;;Importera enhetsfil;;Importer enhetsfil;;Importer enhedsfil;;Tuo laitetiedosto;;Importuj plik urządzeń;;Importovat soubor zařízení;;Importovať súbor zariadení;;Eszközfájl importálása;;Importați fișierul de dispozitive;;Cihaz dosyasını içe aktar;;デバイスファイルをインポート;;导入设备文件;;Importar arquivo de dispositivos
FormListDevices_ErroSerializeText__File_;;Error import devices fct(deSerializeText).File:;;Erreur import appareils fct(deSerializeText).Fichier :;;Fehler beim Importieren der Geräte fct(deSerializeText).Datei:;;Error al importar dispositivos fct(deSerializeText).Archivo:;;Errore importazione dispositivi fct(deSerializeText).File:;;Erro ao importar dispositivos fct(deSerializeText).Ficheiro:;;Erro ao importar dispositivos fct(deSerializeText).Arquivo:;;Fout bij importeren van apparaten fct(deSerializeText).Bestand:;;Fel vid import av enheter fct(deSerializeText).Fil:;;Feil ved import av enheter fct(deSerializeText).Fil:;;Fejl ved import af enheder fct(deSerializeText).Fil:;;Virhe laitteiden tuonnissa fct(deSerializeText).Tiedosto:;;Błąd importu urządzeń fct(deSerializeText).Plik:;;Chyba importu zařízení fct(deSerializeText).Soubor:;;Chyba importu zariadení fct(deSerializeText).Súbor:;;Hiba az eszközök importálásakor fct(deSerializeText).Fájl:;;Eroare la importul dispozitivelor fct(deSerializeText).Fișier:;;Cihazlar içe aktarılırken hata fct(deSerializeText).Dosya:;;デバイスのインポート中にエラー fct(deSerializeText)。ファイル:;;导入设备时出错 fct(deSerializeText)。文件：;;Fout bij importeren van apparaten fct(deSerializeText).Bestand:
FormListDevices_Devices_received__;;Devices received :;;Appareils reçus :;;Geräte empfangen:;;Dispositivos recibidos:;;Dispositivi ricevuti:;;Dispositivos recebidos:;;Dispositivos recebidos:;;Ontvangen apparaten:;;Mottagna enheter:;;Mottatte enheter:;;Modtagne enheder:;;Vastaanotetut laitteet:;;Odebrane urządzenia:;;Přijatá zařízení:;;Prijaté zariadenia:;;Fogadott eszközök:;;Dispozitive primite:;;Alınan cihazlar:;;受信デバイス:;;已接收设备：;;Dispositivos recebidos:
FormListDevices_Column_;;Column:;;Colonne :;;Spalte:;;Columna:;;Colonna:;;Coluna:;;Coluna:;;Kolom:;;Kolumn:;;Kolonne:;;Kolonne:;;Sarake:;;Kolumna:;;Sloupec:;;Stĺpec:;;Oszlop:;;Coloană:;;Sütun:;;列:;;列：;;Colonne :
FormListDevices_Stopm_type_before_close_;;Stop plugin or change form type before close.;;Arrêtez le plugin ou changez le type de fenêtre avant de fermer.;;Plugin stoppen oder Fenstertyp ändern, bevor Sie schließen.;;Detenga el complemento o cambie el tipo de ventana antes de cerrar.;;Arresta il plugin o cambia il tipo di finestra prima di chiudere.;;Pare o plugin ou altere o tipo de janela antes de fechar.;;Pare o plugin ou altere o tipo de janela antes de fechar.;;Stop de plugin of wijzig het venstertype voordat u sluit.;;Stoppa pluginet eller ändra fönstertyp innan du stänger.;;Stopp pluginet eller endre vindustype før du lukker.;;Stop pluginet eller skift vinduestype før lukning.;;Pysäytä liitännäinen tai vaihda ikkunatyyppi ennen sulkemista.;;Zatrzymaj wtyczkę lub zmień typ okna przed zamknięciem.;;Zastavte plugin nebo změňte typ okna před zavřením.;;Zastavte plugin alebo zmeňte typ okna pred zatvorením.;;Állítsa le a plugint vagy módosítsa az ablak típusát bezárás előtt.;;Opriți pluginul sau schimbați tipul ferestrei înainte de închidere.;;Eklentiyi durdurun veya pencere türünü değiştirdikten sonra kapatın.;;プラグインを停止するか、閉じる前にウィンドウタイプを変更してください。;;关闭前请停止插件或更改窗口类型。;;Detenga el complemento o cambie el tipo de ventana antes de cerrar.
FormListDevices_Close_form_list_devices_;;Close form list devices;;Fermer la fenêtre liste appareils;;Gerätelistenfenster schließen;;Cerrar ventana lista de dispositivos;;Chiudi finestra elenco dispositivi;;Fechar janela lista de dispositivos;;Fechar janela lista de dispositivos;;Venster apparatenlijst sluiten;;Stäng enhetslistfönster;;Lukk enhetslistevindu;;Luk enhedslistevindue;;Sulje laiteluettelon ikkuna;;Zamknij okno listy urządzeń;;Zavřít okno seznamu zařízení;;Zavrieť okno zoznamu zariadení;;Eszközlista ablak bezárása;;Închideți fereastra listei de dispozitive;;Cihaz listesi penceresini kapat;;デバイス一覧ウィンドウを閉じる;;关闭设备列表窗口;;Închideți fereastra listei de dispozitive
FormListDevices_Do_yexport_devices_list_;;Do you want export devices list?(;;Voulez-vous exporter la liste des appareils ?(;;Möchten Sie die Geräteliste exportieren?(;;¿Desea exportar la lista de dispositivos?(;;Vuoi esportare l’elenco dei dispositivi?(;;Pretende exportar a lista de dispositivos?(;;Deseja exportar a lista de dispositivos?(;;Wilt u de apparatenlijst exporteren?(;;Vill du exportera enhetslistan?(;;Vil du eksportere enhetslisten?(;;Vil du eksportere enhedslisten?(;;Haluatko viedä laiteluettelon?(;;Czy chcesz wyeksportować listę urządzeń?(;;Chcete exportovat seznam zařízení?(;;Chcete exportovať zoznam zariadení?(;;Szeretné exportálni az eszközlistát?(;;Doriți să exportați lista de dispozitive?(;;Cihaz listesini dışa aktarmak istiyor musunuz?(;;デバイス一覧をエクスポートしますか？(;;是否要导出设备列表？(;;Cihaz listesini dışa aktarmak istiyor musunuz?(
FormListDevices_Export_devices_list;;Export devices list;;Exporter liste appareils;;Geräteliste exportieren;;Exportar lista de dispositivos;;Esporta elenco dispositivi;;Exportar lista de dispositivos;;Exportar lista de dispositivos;;Apparatenlijst exporteren;;Exportera enhetslista;;Eksporter enhetsliste;;Eksporter enhedsliste;;Vie laiteluettelo;;Eksportuj listę urządzeń;;Exportovat seznam zařízení;;Exportovať zoznam zariadení;;Eszközlista exportálása;;Exportați lista de dispozitive;;Cihaz listesini dışa aktar;;デバイス一覧をエクスポート;;导出设备列表;;Exportovať zoznam zariadení
Rtl_433_Panel_Start_ill_the_devices_list;;Start once to fill the devices list;;Démarrer une fois pour remplir la liste des appareils;;Einmal starten, um die Geräteliste zu füllen;;Iniciar una vez para llenar la lista de dispositivos;;Avvia una volta per riempire l’elenco dispositivi;;Iniciar uma vez para preencher a lista de dispositivos;;Iniciar uma vez para preencher a lista de dispositivos;;Eenmal starten om de apparatenlijst te vullen;;Starta en gång för att fylla enhetslistan;;Start én gang for å fylle enhetslisten;;Start én gang for at udfylde enhedslisten;;Käynnistä kerran laitteen luettelon täyttämiseksi;;Uruchom raz, aby wypełnić listę urządzeń;;Spusťte jednou pro naplnění seznamu zařízení;;Spustite raz na naplnenie zoznamu zariadení;;Indítsa el egyszer a lista feltöltéséhez;;Rulați o dată pentru a completa lista dispozitivelor;;Bir kez başlatın, cihaz listesini doldurmak için;;一度開始してデバイス一覧を取得;;启动一次以填充设备列表;;Iniciar uma vez para preencher a lista de dispositivos
Rtl_433_Panel_Free;;Free;;Libre;;Frei;;Libre;;Libero;;Livre;;Livre;;Vrij;;Fri;;Fri;;Fri;;Vapaa;;Wolny;;Volné;;Voľné;;Szabad;;Liber;;Boş;;空き;;空闲;;Szabad
Rtl_433_Panel_Show_select;;Show select;;Afficher sélection;;Auswahl anzeigen;;Mostrar selección;;Mostra selezione;;Mostrar seleção;;Mostrar seleção;;Selectie tonen;;Visa markering;;Vis valg;;Vis markering;;Näytä valinta;;Pokaż zaznaczenie;;Zobrazit výběr;;Zobraziť výber;;Kijelölés megjelenítése;;Afișați selecția;;Seçimi göster;;選択を表示;;显示选择;;Kijelölés megjelenítése
Rtl_433_Panel_Hide_select;;Hide select;;Masquer sélection;;Auswahl ausblenden;;Ocultar selección;;Nascondi selezione;;Ocultar seleção;;Ocultar seleção;;Selectie verbergen;;Dölj markering;;Skjul valg;;Skjul markering;;Piilota valinta;;Ukryj zaznaczenie;;Skrýt výběr;;Skryť výber;;Kijelölés elrejtése;;Ascundeți selecția;;Seçimi gizle;;選択を非表示;;隐藏选择;;Auswahl ausblenden
Rtl_433_Panel_List_messages;;List messages;;Liste messages;;Nachrichtenliste;;Lista de mensajes;;Elenco messaggi;;Lista de mensagens;;Lista de mensagens;;Berichtenlijst;;Meddelandelista;;Meldingsliste;;Beskedliste;;Viestilista;;Lista wiadomości;;Seznam zpráv;;Zoznam správ;;Üzenetlista;;Lista de mesaje;;Mesaj listesi;;メッセージ一覧;;消息列表;;Lista de mensagens
Rtl_433_Panel_List_devices;;List devices;;Liste appareils;;Geräteliste;;Lista de dispositivos;;Elenco dispositivi;;Lista de dispositivos;;Lista de dispositivos;;Apparatenlijst;;Enhetslista;;Enhetsliste;;Enhedsliste;;Laiteluettelo;;Lista urządzeń;;Seznam zařízení;;Zoznam zariadení;;Eszközlista;;Lista dispozitivelor;;Cihaz listesi;;デバイス一覧;;设备列表;;Lista de dispositivos
Rtl_433_Panel_Enabled_plugin;;Enabled plugin;;Plugin activé;;Plugin aktiviert;;Plugin habilitado;;Plugin abilitato;;Plugin ativado;;Plugin ativado;;Plugin ingeschakeld;;Plugin aktiverad;;Plugin aktivert;;Plugin aktiveret;;Liitännäinen käytössä;;Wtyczka włączona;;Plugin povolen;;Plugin povolený;;Plugin engedélyezve;;Plugin activat;;Eklenti etkin;;プラグイン有効;;插件已启用;;Liitännäinen käytössä
Rtl_433_Panel_Wait_Radio;;Wait Radio;;Attendre Radio;;Warte auf Radio;;Esperar Radio;;Attendere Radio;;Aguardar Rádio;;Aguardar Rádio;;Wachten op Radio;;Vänta på Radio;;Vent på Radio;;Vent på Radio;;Odotetaan radiota;;Czekać na radio;;Čekat na rádio;;Čakať na rádio;;Rádióra várakozás;;Așteptați Radio;;Radyo bekleniyor;;ラジオ待機;;等待无线电;;Wachten op Radio
Rtl_433_Panel_Select_to;;Selection to;;Sélection vers;;Auswahl bis;;Selección hasta;;Seleziona fino a;;Selecionar até;;Selecionar até;;Selecteren tot;;Markera till;;Velg til;;Vælg til;;Valitse asti;;Wybierz do;;Vybrat do;;Vybrať do;;Kiválasztás eddig;;Selectează până la;;Seçime kadar;;選択範囲の終点;;选择到;;Selectează până la
Rtl_433_Panel_clipboard;;clipboard;;Presse-papiers;;Zwischenablage;;Portapapeles;;Appunti;;Área de transferência;;Área de transferência;;Klembord;;Urklipp;;Utklipp;;Udklip;;Leikepöytä;;Schowek;;Schránka;;Schránka;;Vágólap;;Clipboard;;Pano;;クリップボード;;剪贴板;;Área de transferência
Rtl_433_Panel__All_to;;All to;;Tout vers;;Alles zu;;Todo a;;Tutto verso;;Tudo para;;Tudo para;;Alles naar;;Allt till;;Alt til;;Alt til;;Kaikki kohteeseen;;Wszystko do;;Vše do;;Všetko do;;Minden ide;;Totul către;;Hepsi →;;すべて→;;全部→;;Kaikki kohteeseen
Rtl_433_Panel_Display;;Display;;Afficher;;Anzeige;;Mostrar;;Mostrare;;Exibir;;Exibir;;Weergave;;Visa;;Vis;;Vis;;Näyttö;;Wyświetl;;Zobrazit;;Zobraziť;;Megjelenítés;;Afișare;;Görüntüle;;表示;;显示;;Megjelenítés
Rtl_433_Panel_Parameter;;Parameters;;Paramètres;;Parámetro;;Parametros;;Parâmetri;;Parâmetros;;Parâmetros;;Parameters;;Parametrar;;Parametere;;Parametre;;Parametry;;Parametry;;Parametry;;paramétereket;;parametrii;;parametreler;;パラメータ;;参数;;Parametru;;
Rtl_433_Panel___Clear;;Clear;;Effacer;;Löschen;;Limpiar;;Cancella;;Limpar;;Limpar;;Wissen;;Rensa;;Tøm;;Ryd;;Tyhjennä;;Wyczyść;;Vymazat;;Vymazať;;Törlés;;Ștergeți;;Temizle;;クリア;;清除;;Tyhjennä
Rtl_433_Panel_Messages;;Messages;;messages;;Nachrichten;;mensajes;;messaggi;;mensagens;;mensagens;;berichten;;meddelanden;;meldinger;;beskeder;;määrä;;wiadomości;;zpráv;;správ;;száma;;mesaje;;sayısı;;メッセージ;;留言;;meddelanden
Rtl_433_Panel_Frequency_Hz_;;Frequency (Hz);;Fréquence (Hz);;Frequenz (Hz);;Frecuencia (Hz);;Frequenza (Hz);;Frequência (Hz);;Frequência (Hz);;Frequentie (Hz);;Frekvens (Hz);;Frekvens (Hz);;Frekvens (Hz);;Taajuus (Hz);;Częstotliwość (Hz);;Frekvence (Hz);;Frekvencia (Hz);;Frekvencia (Hz);;Frecvență (Hz);;Frekans (Hz);;周波数 (Hz);;频率 (Hz);;Częstotliwość (Hz)
Rtl_433_Panel_Version_de_test;;Version de test;;Version de test;;Testversion;;Versión de prueba;;Versione di test;;Versão de teste;;Versão de teste;;Testversie;;Testversion;;Testversjon;;Testversion;;Testiversio;;Wersja testowa;;Testovací verze;;Testovacia verzia;;Tesztverzió;;Versiune de test;;Test sürümü;;テストバージョン;;测试版本;;Versión de prueba
Rtl_433_Panel_Error_RetrieveVirtualItem_;;Error fct(listViewConsole_RetrieveVirtualItem);;Erreur fct(listViewConsole_RetrieveVirtualItem);;Fehler fct(listViewConsole_RetrieveVirtualItem);;Error fct(listViewConsole_RetrieveVirtualItem);;Errore fct(listViewConsole_RetrieveVirtualItem);;Erro fct(listViewConsole_RetrieveVirtualItem);;Erro fct(listViewConsole_RetrieveVirtualItem);;Fout fct(listViewConsole_RetrieveVirtualItem);;Fel fct(listViewConsole_RetrieveVirtualItem);;Feil fct(listViewConsole_RetrieveVirtualItem);;Fejl fct(listViewConsole_RetrieveVirtualItem);;Virhe fct(listViewConsole_RetrieveVirtualItem);;Błąd fct(listViewConsole_RetrieveVirtualItem);;Chyba fct(listViewConsole_RetrieveVirtualItem);;Chyba fct(listViewConsole_RetrieveVirtualItem);;Hiba fct(listViewConsole_RetrieveVirtualItem);;Eroare fct(listViewConsole_RetrieveVirtualItem);;Hata fct(listViewConsole_RetrieveVirtualItem);;エラー fct(listViewConsole_RetrieveVirtualItem);;错误 fct(listViewConsole_RetrieveVirtualItem);;Eroare fct(listViewConsole_RetrieveVirtualItem)
Rtl_433_Panel_You_haided_in_the_console_;;You have reached the maximum number of rows provided in the console(;;Vous avez atteint le nombre maximal de lignes affichées dans la console(;;Sie haben die maximale Anzahl an Zeilen in der Konsole erreicht(;;Ha alcanzado el número máximo de líneas permitidas en la consola(;;Hai raggiunto il numero massimo di righe disponibili nella console(;;Atingiu o número máximo de linhas na consola(;;Você atingiu o número máximo de linhas no console(;;U heeft het maximum aantal regels in de console bereikt(;;Du har nått det maximala antalet rader i konsolen(;;Du har nådd maksimalt antall linjer i konsollen(;;Du har nået det maksimale antal linjer i konsollen(;;Olet saavuttanut konsolin rivimäärän enimmäisrajan(;;Osiągnąłeś maksymalną liczbę wierszy w konsoli(;;Dosáhli jste maximálního počtu řádků v konzoli(;;Dosiahli ste maximálny počet riadkov v konzole(;;Elérte a konzol maximális sorszámát(;;Ați atins numărul maxim de linii din consolă(;;Konsoldaki maksimum satır sayısına ulaştınız(;;コンソールの最大行数に達しました(;;已达到控制台的最大行数(;;You have reached the maximum number of rows provided in the console(
Rtl_433_Panel_if_necgin_maxLinesConsole_;;if necessary you can increase it in SDRSharp.config(key RTL_433_plugin.maxLinesConsole);;si nécessaire vous pouvez l’augmenter dans SDRSharp.config (clé RTL_433_plugin.maxLinesConsole);;falls nötig können Sie dies in SDRSharp.config (Schlüssel RTL_433_plugin.maxLinesConsole) erhöhen;;si es necesario puede aumentarlo en SDRSharp.config (clave RTL_433_plugin.maxLinesConsole);;se necessario puoi aumentarlo in SDRSharp.config (chiave RTL_433_plugin.maxLinesConsole);;se necessário pode aumentá-lo em SDRSharp.config (chave RTL_433_plugin.maxLinesConsole);;se necessário você pode aumentá-lo em SDRSharp.config (chave RTL_433_plugin.maxLinesConsole);;indien nodig kunt u dit verhogen in SDRSharp.config (sleutel RTL_433_plugin.maxLinesConsole);;vid behov kan du öka detta i SDRSharp.config (nyckel RTL_433_plugin.maxLinesConsole);;om nødvendig kan du øke dette i SDRSharp.config (nøkkel RTL_433_plugin.maxLinesConsole);;om nødvendigt kan du øge dette i SDRSharp.config (nøgle RTL_433_plugin.maxLinesConsole);;tarvittaessa voit lisätä tätä SDRSharp.configissa (avain RTL_433_plugin.maxLinesConsole);;w razie potrzeby możesz zwiększyć to w SDRSharp.config (klucz RTL_433_plugin.maxLinesConsole);;v případě potřeby to můžete zvýšit v SDRSharp.config (klíč RTL_433_plugin.maxLinesConsole);;v prípade potreby to môžete zvýšiť v SDRSharp.config (kľúč RTL_433_plugin.maxLinesConsole);;szükség esetén növelheti az SDRSharp.config-ban (RTL_433_plugin.maxLinesConsole kulcs);;dacă este necesar îl puteți crește în SDRSharp.config (cheia RTL_433_plugin.maxLinesConsole);;gerekirse bunu SDRSharp.config içinde artırabilirsiniz (RTL_433_plugin.maxLinesConsole anahtarı);;必要に応じて SDRSharp.config（キー RTL_433_plugin.maxLinesConsole）で増やすことができます;;如有需要，可在 SDRSharp.config（键 RTL_433_plugin.maxLinesConsole）中提高此值;;falls nötig können Sie dies in SDRSharp.config (Schlüssel RTL_433_plugin.maxLinesConsole) erhöhen
Rtl_433_Panel_Console_RTL_433__nbLigne_;;Console RTL_433---nbLigne=;;Console RTL_433---nbLigne=;;Konsole RTL_433---nbLigne=;;Consola RTL_433---nbLigne=;;Console RTL_433---nbLigne=;;Consola RTL_433---nbLigne=;;Console RTL_433---nbLigne=;;Console RTL_433---nbLigne=;;Konsol RTL_433---nbLigne=;;Konsoll RTL_433---nbLigne=;;Konsol RTL_433---nbLigne=;;Konsoli RTL_433---nbLigne=;;Konsola RTL_433---nbLigne=;;Konzole RTL_433---nbLigne=;;Konzola RTL_433---nbLigne=;;Konzol RTL_433---nbLigne=;;Consolă RTL_433---nbLigne=;;RTL_433 Konsolu---nbLigne=;;RTL_433 コンソール---nbLigne=;;RTL_433 控制台---nbLigne=;;RTL_433 コンソール---nbLigne=
Rtl_433_Panel_Red_if_not_if_source_file_;;Red if Time cycle > 1000ms., you risk losing messages(not if source=file);;Rouge si cycle > 1000 ms, risque de perte de messages (sauf source=fichier);;Rot, wenn Zyklus > 1000 ms, Risiko von Nachrichtenverlust (nicht bei Quelle=Datei);;Rojo si el ciclo > 1000 ms, riesgo de perder mensajes (no si la fuente es archivo);;Rosso se ciclo > 1000 ms, rischio di perdita messaggi (non se source=file);;Vermelho se ciclo > 1000 ms, risco de perder mensagens (não se source=file);;Vermelho se ciclo > 1000 ms, risco de perder mensagens (não se source=file);;Rood als cyclus > 1000 ms, kans op berichtverlies (niet bij bron=file);;Rött om cykel > 1000 ms, risk för meddelandeförlust (ej om källa=file);;Rødt hvis syklus > 1000 ms, fare for meldings­tap (ikke hvis kilde=file);;Rødt hvis cyklus > 1000 ms, risiko for beskedtap (ikke hvis kilde=file);;Punainen jos sykli > 1000 ms, riski viestien katoamiseen (ei jos lähde=tiedosto);;Czerwone jeśli cykl > 1000 ms, ryzyko utraty wiadomości (nie gdy źródło=plik);;Červené pokud cyklus > 1000 ms, riziko ztráty zpráv (ne pokud zdroj=soubor);;Červené ak cyklus > 1000 ms, riziko straty správ (nie ak zdroj=súbor);;Piros, ha ciklus > 1000 ms, üzenetvesztés veszélye (nem ha forrás=fájl);;Roșu dacă ciclul > 1000 ms, risc de pierdere mesaje (nu dacă sursa este fișier);;Kırmızı: döngü > 1000 ms ise mesaj kaybı riski (kaynak=file değilse);;サイクル > 1000ms の場合は赤、メッセージ喪失の可能性（source=file の場合を除く）;;循环 > 1000ms 时显示红色，有丢失消息风险（source=file 时除外）;;Rot, wenn Zyklus > 1000 ms, Risiko von Nachrichtenverlust (nicht bei Quelle=Datei)
Rtl_433_Panel_Wait;;Wait;;Attendre;;Warten;;Esperar;;Attendere;;Aguardar;;Aguardar;;Wachten;;Vänta;;Vente;;Vent;;Odottaa;;Czekać;;Čekat;;Čakať;;Várakozás;;Așteptați;;Bekle;;待機;;等待;;Várakozás
Rtl_433_Panel_If_Ora300Mhz_or_F_1000Mhz_;;If Orange:F<300Mhz or F>1000Mhz.;;Si Orange : F<300 MHz ou F>1000 MHz.;;Wenn Orange: F<300 MHz oder F>1000 MHz.;;Si Orange: F<300 MHz o F>1000 MHz.;;Se Orange: F<300 MHz o F>1000 MHz.;;Se Orange: F<300 MHz ou F>1000 MHz.;;Se Orange: F<300 MHz ou F>1000 MHz.;;Als Orange: F<300 MHz of F>1000 MHz.;;Om Orange: F<300 MHz eller F>1000 MHz.;;Hvis Orange: F<300 MHz eller F>1000 MHz.;;Hvis Orange: F<300 MHz eller F>1000 MHz.;;Jos Orange: F<300 MHz tai F>1000 MHz.;;Jeśli Orange: F<300 MHz lub F>1000 MHz.;;Pokud Orange: F<300 MHz nebo F>1000 MHz.;;Ak Orange: F<300 MHz alebo F>1000 MHz.;;Ha Orange: F<300 MHz vagy F>1000 MHz.;;Dacă Orange: F<300 MHz sau F>1000 MHz.;;Orange ise: F<300 MHz veya F>1000 MHz.;;Orange の場合: F<300MHz または F>1000MHz;;如果 Orange：F<300MHz 或 F>1000MHz;;Pokud Orange: F<300 MHz nebo F>1000 MHz.
Rtl_433_Panel_Enabled_plugin_;;Enabled plugin (;;Plugin activé (;;Plugin aktiviert (;;Plugin habilitado (;;Plugin abilitato (;;Plugin ativado (;;Plugin ativado (;;Plugin ingeschakeld (;;Plugin aktiverad (;;Plugin aktivert (;;Plugin aktiveret (;;Liitännäinen käytössä (;;Wtyczka włączona (;;Plugin povolen (;;Plugin povolený (;;Plugin engedélyezve (;;Plugin activat (;;Eklenti etkin (;;プラグイン有効(;;插件已启用(;;Liitännäinen käytössä (
Rtl_433_Panel_Disabled_plugin;;Disabled plugin;;Plugin désactivé;;Plugin deaktiviert;;Plugin deshabilitado;;Plugin disabilitato;;Plugin desativado;;Plugin desativado;;Plugin uitgeschakeld;;Plugin inaktiverad;;Plugin deaktivert;;Plugin deaktiveret;;Liitännäinen pois käytöstä;;Wtyczka wyłączona;;Plugin zakázán;;Plugin zakázaný;;Plugin letiltva;;Plugin dezactivat;;Eklenti devre dışı;;プラグイン無効;;插件已禁用;;Liitännäinen pois käytöstä
Rtl_433_Panel_Parameers_configure_source;;Parameters configure source;;Paramètres configurer source;;Parameter Quelle konfigurieren;;Parámetros configurar fuente;;Parametri configurare sorgente;;Parâmetros configurar fonte;;Parâmetros configurar fonte;;Parameters bron configureren;;Parametrar konfigurera källa;;Parametere konfigurere kilde;;Parametre konfigurere kilde;;Parametrit lähteen asetuksiin;;Parametry konfiguracji źródła;;Parametry konfigurace zdroje;;Parametre konfigurácie zdroja;;Forrás konfigurálási paraméterei;;Parametri configurare sursă;;Kaynak yapılandırma parametreleri;;ソース設定パラメータ;;源配置参数;;Kaynak yapılandırma parametreleri
Rtl_433_Panel___Samp_quadrature_sampling;;-Sampling mode->quadrature sampling;;-Mode d’échantillonnage->échantillonnage en quadrature;;-Abtastmodus->Quadraturabtastung;;-Modo de muestreo->muestreo en cuadratura;;-Modalità di campionamento->campionamento in quadratura;;-Modo de amostragem->amostragem em quadratura;;-Modo de amostragem->amostragem em quadratura;;-Samplingmodus->kwadratuursampling;;-Samplingsläge->kvadraturprovtagning;;-Prøvemodus->kvadraturprøvetaking;;-Prøvetilstand->kvadraturprøvetagning;;-Näytteenottotila->kvadratuuri;;-Tryb próbkowania->kwadratura;;-Režim vzorkování->kvadraturní;;-Režim vzorkovania->kvadratúrne;;-Mintavételi mód->kvadratúra;;-Mod de eșantionare->cuadratură;;-Örnekleme modu->kuadratür örnekleme;;-サンプリングモード→直交サンプリング;;-采样模式→正交采样;;-Modalità di campionamento->campionamento in quadratura
Rtl_433_Panel___Samps_FSK_or_f__433Mhz__;;-Sample Rate->0.25 MSPS or more for certain devices FSK or f > 433Mhz...;;-Taux d’échantillonnage->0,25 MSPS ou plus pour certains appareils FSK ou f > 433 MHz...;;-Abtastrate->0,25 MSPS oder mehr für bestimmte FSK‑Geräte oder f > 433 MHz...;;-Frecuencia de muestreo->0,25 MSPS o más para ciertos dispositivos FSK o f > 433 MHz...;;-Frequenza di campionamento->0,25 MSPS o più per alcuni dispositivi FSK o f > 433 MHz...;;-Taxa de amostragem->0,25 MSPS ou mais para certos dispositivos FSK ou f > 433 MHz...;;-Taxa de amostragem->0,25 MSPS ou mais para certos dispositivos FSK ou f > 433 MHz...;;-Samplefrequentie->0,25 MSPS of meer voor bepaalde FSK‑apparaten of f > 433 MHz...;;-Samplingsfrekvens->0,25 MSPS eller mer för vissa FSK‑enheter eller f > 433 MHz...;;-Prøvefrekvens->0,25 MSPS eller mer for enkelte FSK‑enheter eller f > 433 MHz...;;-Prøvefrekvens->0,25 MSPS eller mere for visse FSK‑enheder eller f > 433 MHz...;;-Näytteenottotaajuus->0,25 MSPS tai enemmän tietyille FSK‑laitteille tai f > 433 MHz...;;-Częstotliwość próbkowania->0,25 MSPS lub więcej dla niektórych urządzeń FSK lub f > 433 MHz...;;-Vzorkovací frekvence->0,25 MSPS nebo více pro některá FSK zařízení nebo f > 433 MHz...;;-Vzorkovacia frekvencia->0,25 MSPS alebo viac pre niektoré FSK zariadenia alebo f > 433 MHz...;;-Mintavételi frekvencia->0,25 MSPS vagy több bizonyos FSK eszközökhöz vagy f > 433 MHz...;;-Frecvență de eșantionare->0,25 MSPS sau mai mult pentru anumite dispozitive FSK sau f > 433 MHz...;;-Örnekleme hızı->0,25 MSPS veya daha fazla (bazı FSK cihazları veya f > 433 MHz için)...;;-サンプルレート→0.25MSPS 以上（特定の FSK デバイスまたは f > 433MHz 用）;;-采样率→0.25MSPS 或更高（适用于某些 FSK 设备或 f > 433MHz）;;-Frecvență de eșantionare->0,25 MSPS sau mai mult pentru anumite dispozitive FSK sau f > 433 MHz...
Rtl_433_Panel___AGC_an_be_manually__off_;;-AGC:on(corresponds to auto gain with rtl433) can be manually->off.;;-AGC : activé (correspond à l’auto‑gain avec rtl433) peut être désactivé manuellement.;;-AGC: ein (entspricht Auto‑Gain mit rtl433), kann manuell ausgeschaltet werden.;;-AGC: activado (corresponde a auto‑ganancia con rtl433), puede desactivarse manualmente.;;-AGC: attivo (corrisponde al guadagno automatico con rtl433), può essere disattivato manualmente.;;-AGC: ligado (corresponde ao ganho automático com rtl433), pode ser desligado manualmente.;;-AGC: ligado (corresponde ao ganho automático com rtl433), pode ser desligado manualmente.;;-AGC: aan (komt overeen met automatische gain met rtl433), kan handmatig worden uitgeschakeld.;;-AGC: på (motsvarar automatisk förstärkning med rtl433), kan stängas av manuellt.;;-AGC: på (tilsvarer auto‑gain med rtl433), kan slås av manuelt.;;-AGC: til (svarer til auto‑gain med rtl433), kan slås fra manuelt.;;-AGC: päällä (vastaa automaattivahvistusta rtl433:n kanssa), voidaan kytkeä pois päältä.;;-AGC: włączony (odpowiada automatycznemu wzmocnieniu z rtl433), można wyłączyć ręcznie.;;-AGC: zapnuto (odpovídá automatickému zesílení s rtl433), lze vypnout ručně.;;-AGC: zapnuté (zodpovedá automatickému zosilneniu s rtl433), možno vypnúť ručne.;;-AGC: be (rtl433 automatikus erősítésének felel meg), kézzel kikapcsolható.;;-AGC: activat (corespunde câștigului automat cu rtl433), poate fi dezactivat manual.;;-AGC: açık (rtl433 otomatik kazancına karşılık gelir), elle kapatılabilir.;;-AGC：オン（rtl433 の自動ゲインに相当）、手動でオフ可能;;-AGC：开启（对应 rtl433 自动增益），可手动关闭;;-AGC: aan (komt overeen met automatische gain met rtl433), kan handmatig worden uitgeschakeld.
Rtl_433_Panel___RTL_off_if_good_signals_;;-RTL AGC:on.(not the AGC panel) can be set off if good signals.;;-RTL AGC : activé (pas le panneau AGC), peut être désactivé si le signal est bon.;;-RTL‑AGC: ein (nicht das AGC‑Panel), kann bei gutem Signal ausgeschaltet werden.;;-RTL AGC: activado (no el panel AGC), puede desactivarse si la señal es buena.;;-RTL AGC: attivo (non il pannello AGC), può essere disattivato se il segnale è buono.;;-RTL AGC: ligado (não o painel AGC), pode ser desligado se o sinal for bom.;;-RTL AGC: ligado (não o painel AGC), pode ser desligado se o sinal for bom.;;-RTL AGC: aan (niet het AGC‑paneel), kan worden uitgeschakeld bij goed signaal.;;-RTL AGC: på (inte AGC‑panelen), kan stängas av vid bra signal.;;-RTL AGC: på (ikke AGC‑panelet), kan slås av ved godt signal.;;-RTL AGC: til (ikke AGC‑panelet), kan slås fra ved godt signal.;;-RTL AGC: päällä (ei AGC‑paneeli), voidaan kytkeä pois päältä hyvällä signaalilla.;;-RTL AGC: włączony (nie panel AGC), można wyłączyć przy dobrym sygnale.;;-RTL AGC: zapnuto (ne panel AGC), lze vypnout při dobrém signálu.;;-RTL AGC: zapnuté (nie panel AGC), možno vypnúť pri dobrom signáli.;;-RTL AGC: be (nem az AGC panel), jó jel esetén kikapcsolható.;;-RTL AGC: activat (nu panoul AGC), poate fi dezactivat dacă semnalul este bun.;;-RTL AGC: açık (AGC paneli değil), sinyal iyiyse kapatılabilir.;;-RTL AGC：オン（AGC パネルではない）、良好な信号ならオフ可能;;-RTL AGC：开启（非 AGC 面板），信号良好时可关闭;;-RTL AGC: attivo (non il pannello AGC), può essere disattivato se il segnale è buono.
Rtl_433_Panel___Check_frequency;;-Check frequency;;-Vérifier la fréquence;;-Frequenz prüfen;;-Comprobar frecuencia;;-Controllare frequenza;;-Verificar frequência;;-Verificar frequência;;-Frequentie controleren;;-Kontrollera frekvens;;-Kontroller frekvens;;-Kontrollér frekvens;;-Tarkista taajuus;;-Sprawdź częstotliwość;;-Zkontrolovat frekvenci;;-Skontrolovať frekvenciu;;-Frekvencia ellenőrzése;;-Verificați frecvența;;-Frekansı kontrol et;;-周波数を確認;;-检查频率;;-Skontrolovať frekvenciu
Rtl_433_Panel_No_samname__sample_rate_k_;;No sample rate detected in the file name: _sample rate+k;;Aucun taux d’échantillonnage détecté dans le nom du fichier : _sample rate+k;;Keine Abtastrate im Dateinamen erkannt: _sample rate+k;;No se detectó frecuencia de muestreo en el nombre del archivo: _sample rate+k;;Nessuna frequenza di campionamento rilevata nel nome del file: _sample rate+k;;Nenhuma taxa de amostragem detetada no nome do ficheiro: _sample rate+k;;Nenhuma taxa de amostragem detectada no nome do arquivo: _sample rate+k;;Geen sample‑rate gevonden in bestandsnaam: _sample rate+k;;Ingen samplingsfrekvens hittades i filnamnet: _sample rate+k;;Ingen prøvefrekvens funnet i filnavnet: _sample rate+k;;Ingen prøvefrekvens fundet i filnavnet: _sample rate+k;;Näytteenottotaajuutta ei löytynyt tiedostonimestä: _sample rate+k;;Nie wykryto częstotliwości próbkowania w nazwie pliku: _sample rate+k;;Nebyla zjištěna vzorkovací frekvence v názvu souboru: _sample rate+k;;Nebola zistená vzorkovacia frekvencia v názve súboru: _sample rate+k;;Nem található mintavételi frekvencia a fájlnévben: _sample rate+k;;Nu s‑a detectat frecvența de eșantionare în numele fișierului: _sample rate+k;;Dosya adında örnekleme hızı bulunamadı: _sample rate+k;;ファイル名にサンプルレートが見つかりません: _sample rate+k;;文件名中未检测到采样率：_sample rate+k;;Nessuna frequenza di campionamento rilevata nel nome del file: _sample rate+k
Rtl_433_Panel_Cancel;;Cancel;;Annuler;;Abbrechen;;Cancelar;;Annulla;;Cancelar;;Cancelar;;Annuleren;;Avbryt;;Avbryt;;Annuller;;Peruuta;;Anuluj;;Zrušit;;Zrušiť;;Mégse;;Anulați;;İptal;;キャンセル;;取消;;Abbrechen
Rtl_433_Panel_Translate_is_completed;;Translate is completed;;Traduction terminée;;Übersetzung abgeschlossen;;Traducción completada;;Traduzione completata;;Tradução concluída;;Tradução concluída;;Vertaling voltooid;;Översättning slutförd;;Oversettelse fullført;;Oversættelse fuldført;;Käännös valmis;;Tłumaczenie zakończone;;Překlad dokončen;;Preklad dokončený;;Fordítás kész;;Traducere finalizată;;Çeviri tamamlandı;;翻訳完了;;翻译完成;;Übersetzung abgeschlossen
Rtl_433_Panel_Translate_cu8_to_wav;;Translate cu8 to wav;;Traduire cu8 en wav;;cu8 in wav umwandeln;;Convertir cu8 a wav;;Convertire cu8 in wav;;Converter cu8 para wav;;Converter cu8 para wav;;cu8 naar wav converteren;;Konvertera cu8 till wav;;Konvertere cu8 til wav;;Konverter cu8 til wav;;Muunna cu8 wav‑muotoon;;Konwertuj cu8 do wav;;Převést cu8 na wav;;Previesť cu8 na wav;;cu8 átalakítása wav‑vá;;Convertiți cu8 în wav;;cu8’i wav’e dönüştür;;cu8 を wav に変換;;将 cu8 转换为 wav;;Muunna cu8 wav‑muotoon
Rtl_433_Panel_Translte_is_NOT_completed_;;Translate is NOT completed;;Traduction NON terminée;;Übersetzung NICHT abgeschlossen;;Traducción NO completada;;Traduzione NON completata;;Tradução NÃO concluída;;Tradução NÃO concluída;;Vertaling NIET voltooid;;Översättning INTE slutförd;;Oversettelse IKKE fullført;;Oversættelse IKKE fuldført;;Käännös EI valmis;;Tłumaczenie NIE zakończone;;Překlad NENÍ dokončen;;Preklad NIE je dokončený;;Fordítás NINCS kész;;Traducerea NU este finalizată;;Çeviri TAMAMLANMADI;;翻訳は完了していません;;翻译尚未完成;;Übersetzung NICHT abgeschlossen
Rtl_433_Panel_ok_files;;ok files;;fichiers ok;;Dateien OK;;archivos ok;;file ok;;ficheiros ok;;arquivos ok;;bestanden ok;;filer ok;;filer ok;;filer ok;;tiedostot ok;;pliki ok;;soubory ok;;súbory ok;;fájlok ok;;fișiere ok;;dosyalar ok;;ファイル OK;;文件正常;;bestanden ok
Rtl_433_Panel_Time_display_;;Time display:;;Affichage temps :;;Zeitanzeige:;;Mostrar tiempo:;;Mostra tempo:;;Mostrar tempo:;;Mostrar tempo:;;Tijdweergave:;;Tidsvisning:;;Tidsvisning:;;Tidsvisning:;;Ajan näyttö:;;Wyświetlanie czasu:;;Zobrazení času:;;Zobrazenie času:;;Idő kijelzése:;;Afișare timp:;;Zaman gösterimi:;;時間表示:;;时间显示：;;Wyświetlanie czasu:
Rtl_433_Panel_Graphiques;;Graphiques;;Graphiques;;Diagramme;;Gráficos;;Grafici;;Gráficos;;Gráficos;;Grafieken;;Diagram;;Diagrammer;;Diagrammer;;Kaaviot;;Wykresy;;Grafy;;Grafy;;Grafikonok;;Grafice;;Grafikler;;グラフ;;图表;;Diagrammer
Rtl_433_Panel_cu8_to_wav;;.cu8 to .wav;;.cu8 vers .wav;;.cu8 in .wav;;.cu8 a .wav;;.cu8 in .wav;;.cu8 para .wav;;.cu8 para .wav;;.cu8 naar .wav;;.cu8 till .wav;;.cu8 til .wav;;.cu8 til .wav;;.cu8 wav-muotoon;;.cu8 do .wav;;.cu8 do .wav;;.cu8 do .wav;;.cu8 wav formátumba;;.cu8 în .wav;;.cu8'dan .wav'a;;.cu8 を .wav に;;.cu8 转换为 .wav;;.cu8 wav formátumba
Rtl_433_Panel_Console_RTL_433___Ligne__;;Console RTL_433--- Line = ;;Console RTL_433--- Ligne = ;;Konsole RTL_433--- Zeile = ;;Consola RTL_433--- Línea = ;;Console RTL_433--- Riga = ;;Consola RTL_433--- Linha = ;;Console RTL_433--- Linha = ;;Console RTL_433--- Regel = ;;Konsol RTL_433--- Rad = ;;Konsoll RTL_433--- Linje = ;;Konsol RTL_433--- Linje = ;;Konsoli RTL_433--- Rivi = ;;Konsola RTL_433--- Linia = ;;Konzole RTL_433--- Řádek = ;;Konzola RTL_433--- Riadok = ;;Konzol RTL_433--- Sor = ;;Consolă RTL_433--- Linie = ;;Konsol RTL_433--- Satır = ;;RTL_433 コンソール--- 行 = ;;RTL_433 控制台--- 行 =;;Konzola RTL_433--- Riadok = 
Rtl_433_Panel_Frequency;;Frequency;;Fréquence;;Frequenz;;Frecuencia;;Frequenza;;Frequência;;Frequência;;Frequentie;;Frekvens;;Frekvens;;Frekvens;;Taajuus;;Częstotliwość;;Frekvence;;Frekvencia;;Frekvencia;;Frecvență;;Frekans;;周波数;;频率;;Częstotliwość
Rtl_433_Plugin__Initalize_RTL_433_plugin;;Initialize RTL_433_plugin;;Initialiser RTL_433_plugin;;RTL_433_plugin initialisieren;;Inicializar RTL_433_plugin;;Inizializzare RTL_433_plugin;;Inicializar RTL_433_plugin;;Inicializar RTL_433_plugin;;RTL_433_plugin initialiseren;;Initiera RTL_433_plugin;;Initialiser RTL_433_plugin;;Initialiser RTL_433_plugin;;Alusta RTL_433_plugin;;Inicjalizuj RTL_433_plugin;;Inicializovat RTL_433_plugin;;Inicializovať RTL_433_plugin;;RTL_433_plugin inicializálása;;Inițializați RTL_433_plugin;;RTL_433_plugin başlat;;RTL_433_plugin を初期化;;初始化 RTL_433_plugin;;RTL_433_plugin inicializálása
Rtl_433_Plugin_Error_Initialize;;Error Initialize;;Erreur d’initialisation;;Fehler bei der Initialisierung;;Error de inicialización;;Errore di inizializzazione;;Erro na inicialização;;Erro na inicialização;;Fout bij initialiseren;;Fel vid initiering;;Feil ved initialisering;;Fejl ved initialisering;;Virhe alustuksessa;;Błąd inicjalizacji;;Chyba inicializace;;Chyba inicializácie;;Inicializálási hiba;;Eroare la inițializare;;Başlatma hatası;;初期化エラー;;初始化错误;;Fehler bei der Initialisierung
WavRecorder_No_record__all_values__0;;No record, all values = 0;;Aucun enregistrement, toutes les valeurs = 0;;Keine Aufzeichnung, alle Werte = 0;;Sin grabación, todos los valores = 0;;Nessuna registrazione, tutti i valori = 0;;Sem gravação, todos os valores = 0;;Sem gravação, todos os valores = 0;;Geen opname, alle waarden = 0;;Ingen inspelning, alla värden = 0;;Ingen opptak, alle verdier = 0;;Ingen optagelse, alle værdier = 0;;Ei tallennusta, kaikki arvot = 0;;Brak nagrania, wszystkie wartości = 0;;Žádný záznam, všechny hodnoty = 0;;Žiadny záznam, všetky hodnoty = 0;;Nincs felvétel, minden érték = 0;;Nicio înregistrare, toate valorile = 0;;Kayıt yok, tüm değerler = 0;;記録なし、すべての値 = 0;;无记录，所有值 = 0;;Aucun enregistrement, toutes les valeurs = 0
WavRecorder_information;;information;;information;;Information;;información;;informazione;;informação;;informação;;informatie;;information;;informasjon;;information;;informaatio;;informacja;;informace;;informácia;;információ;;informație;;bilgi;;情報;;信息;;informazione
WavRecorder_No_record_for_;;No record for:;;Aucun enregistrement pour :;;Keine Aufzeichnung für:;;Sin grabación para:;;Nessuna registrazione per:;;Sem gravação para:;;Sem gravação para:;;Geen opname voor:;;Ingen inspelning för:;;Ingen opptak for:;;Ingen optagelse for:;;Ei tallennusta kohteelle:;;Brak nagrania dla:;;Žádný záznam pro:;;Žiadny záznam pre:;;Nincs felvétel ehhez:;;Nicio înregistrare pentru:;;Kayıt yok:;;記録なし:;;无记录：;;Aucun enregistrement pour :
WavRecorder_Error;;Error;;Erreur;;Fehler;;Error;;Errore;;Erro;;Erro;;Fout;;Fel;;Feil;;Fejl;;Virhe;;Błąd;;Chyba;;Chyba;;Hiba;;Eroare;;Hata;;エラー;;错误;;Eroare
Rtl_433_Panel_Start;;Launch;;Lancer;;Starten;;Lanzar;;Avviare;;Lançar;;Lançar;;Starten;;Starta;;Start;;Start;;Käynnistä;;Uruchom;;Spustit;;Spustiť;;Indítás;;Porni;;Başlat;;起動;;启动;;Käynnistä
Rtl_433_Panel_Stop;;Stop;;Stopper;;Stoppen;;Detener;;Arrestare;;Parar;;Parar;;Stoppen;;Stoppa;;Stopp;;Stop;;Pysäytä;;Zatrzymaj;;Zastavit;;Zastaviť;;Leállítás;;Opri;;Durdur;;停止;;停止;;Zatrzymaj
Rtl_433_Panel_Sample_Rate_s;;Sample rate;;Fréquence d’échantillonnage;;Abtastrate;;Frecuencia de muestreo;;Frequenza di campionamento;;Taxa de amostragem;;Taxa de amostragem;;Bemonsteringsfrequentie;;Samplingsfrekvens;;Samplingsfrekvens;;Samplingsfrekvens;;Näytteenottotaajuus;;Częstotliwość próbkowania;;Vzorkovací frekvence;;Vzorkovacia frekvencia;;Mintavételi frekvencia;;Rată de eșantionare;;Örnekleme hızı;;サンプリングレート;;采样率;;Frequenza di campionamento
